Desicion_Tree_accuracy,Desicion_Tree_precison,Desicion_Tree_recall,Desicion_Tree_f1
0.5963302752293578,0.5986614985638995,0.5963302752293578,0.5864006168662564
