LightGBM_accuracy,LightGBM_precison,LightGBM_recall,LightGBM_f1
0.7798165137614679,0.7928585371294721,0.7798165137614679,0.7823105318215158
