Random_Forest_accuracy,Random_Forest_precison,Random_Forest_recall,Random_Forest_f1
0.7614678899082569,0.7816207021555449,0.7614678899082569,0.766336300065388
