XGBoost_accuracy,XGBoost_precison,XGBoost_recall,XGBoost_f1
0.7981651376146789,0.8056607456568416,0.7981651376146789,0.8008409785932721
